<?xml version='1.0' encoding='utf-8'?>
<!DOCTYPE hibernate-configuration PUBLIC
    "-//Hibernate/Hibernate Configuration DTD//EN"
    "http://www.hibernate.org/dtd/hibernate-configuration-3.0.dtd">
<hibernate-configuration>
  <session-factory>
    <property name="connection.url">jdbc:mysql://localhost:3306</property>
    <property name="connection.driver_class">com.mysql.cj.jdbc.Driver</property>
    <property name="connection.username">root</property>
    <property name="connection.password">123456</property>

    <mapping class="org.ca.entity.Loans"/>
    <mapping resource="Loans.hbm.xml"/>
    <mapping class="org.ca.entity.Repayments"/>
    <mapping resource="Repayments.hbm.xml"/>
    <mapping class="org.ca.entity.Students"/>
    <mapping resource="Students.hbm.xml"/>
    <!-- <property name="connection.username"/> -->
    <!-- <property name="connection.password"/> -->

    <!-- DB schema will be updated if needed -->
    <!-- <property name="hibernate.hbm2ddl.auto">update</property> -->
  </session-factory>
</hibernate-configuration>